-- phpMyAdmin SQL Dump
-- version 5.2.0
-- https://www.phpmyadmin.net/
--
-- Host: localhost:3306
-- Generation Time: Dec 01, 2025 at 01:41 PM
-- Server version: 8.0.30
-- PHP Version: 8.1.10

SET SQL_MODE = "NO_AUTO_VALUE_ON_ZERO";
START TRANSACTION;
SET time_zone = "+00:00";


/*!40101 SET @OLD_CHARACTER_SET_CLIENT=@@CHARACTER_SET_CLIENT */;
/*!40101 SET @OLD_CHARACTER_SET_RESULTS=@@CHARACTER_SET_RESULTS */;
/*!40101 SET @OLD_COLLATION_CONNECTION=@@COLLATION_CONNECTION */;
/*!40101 SET NAMES utf8mb4 */;

--
-- Database: `db_perpus`
--

-- --------------------------------------------------------

--
-- Table structure for table `admin`
--

CREATE TABLE `admin` (
  `id_admin` int NOT NULL,
  `email` varchar(50) NOT NULL,
  `username` varchar(50) NOT NULL,
  `password` varchar(50) NOT NULL,
  `nama_lengkap` varchar(50) NOT NULL
) ENGINE=InnoDB DEFAULT CHARSET=utf8mb4 COLLATE=utf8mb4_0900_ai_ci;

--
-- Dumping data for table `admin`
--

INSERT INTO `admin` (`id_admin`, `email`, `username`, `password`, `nama_lengkap`) VALUES
(1, 'satu@gmail.com', 'satu dua', 'b6478a37b0f9472c8d25f94b11a0c1cc', 'satu dua tiga empat');

-- --------------------------------------------------------

--
-- Table structure for table `anggota`
--

CREATE TABLE `anggota` (
  `id_anggota` int NOT NULL,
  `nama_lengkap` varchar(50) NOT NULL,
  `email` varchar(50) NOT NULL,
  `password` varchar(200) CHARACTER SET utf8mb4 COLLATE utf8mb4_0900_ai_ci NOT NULL,
  `alamat` varchar(100) NOT NULL,
  `no_telepon` varchar(12) NOT NULL,
  `foto_profil` varchar(225) NOT NULL
) ENGINE=InnoDB DEFAULT CHARSET=utf8mb4 COLLATE=utf8mb4_0900_ai_ci;

--
-- Dumping data for table `anggota`
--

INSERT INTO `anggota` (`id_anggota`, `nama_lengkap`, `email`, `password`, `alamat`, `no_telepon`, `foto_profil`) VALUES
(1, 'anugrah akbar', 'akbar@gmail.com', '4f033a0a2bf2fe0b68800a3079545cd1', 'jl.selan', '082237653456', '1763099476-1600w-gHV_TW4QoWM.webp');

-- --------------------------------------------------------

--
-- Table structure for table `booking`
--

CREATE TABLE `booking` (
  `id_booking` int NOT NULL,
  `tanggal_booking` date NOT NULL,
  `status` varchar(50) NOT NULL,
  `id_anggota` int NOT NULL,
  `id_buku` int NOT NULL
) ENGINE=InnoDB DEFAULT CHARSET=utf8mb4 COLLATE=utf8mb4_0900_ai_ci;

-- --------------------------------------------------------

--
-- Table structure for table `buku`
--

CREATE TABLE `buku` (
  `id_buku` int NOT NULL,
  `judul` varchar(100) NOT NULL,
  `penulis` varchar(50) NOT NULL,
  `penerbit` varchar(50) NOT NULL,
  `tahun_terbit` int NOT NULL,
  `stok` int NOT NULL,
  `cover_buku` varchar(225) NOT NULL
) ENGINE=InnoDB DEFAULT CHARSET=utf8mb4 COLLATE=utf8mb4_0900_ai_ci;

--
-- Dumping data for table `buku`
--

INSERT INTO `buku` (`id_buku`, `judul`, `penulis`, `penerbit`, `tahun_terbit`, `stok`, `cover_buku`) VALUES
(3, 'saya kuat', 'saya sendiri', 'gramed', 2014, 12, '1763098935_buku1763098877_images.jpg'),
(4, 'hahahha', 'hhehheh', 'huhuhuhu', 2000, 13, '1763133198_1003w-oiWRJIQOoOU.webp'),
(5, 'malu kucing', 'petrus', 'langlang', 2017, 23, '1763133460_contemporary-fiction-night-time-book-cover-design-template-1be47835c3058eb42211574e0c4ed8bf_screen.jpg'),
(6, 'apalah', 'hapis', 'malvin', 2002, 34, '1763133891_images.jpg');

-- --------------------------------------------------------

--
-- Table structure for table `buku_kategori`
--

CREATE TABLE `buku_kategori` (
  `id_buku` int NOT NULL,
  `id_kategori` int NOT NULL
) ENGINE=InnoDB DEFAULT CHARSET=utf8mb4 COLLATE=utf8mb4_0900_ai_ci;

--
-- Dumping data for table `buku_kategori`
--

INSERT INTO `buku_kategori` (`id_buku`, `id_kategori`) VALUES
(3, 3),
(3, 4),
(4, 1),
(5, 1),
(6, 1);

-- --------------------------------------------------------

--
-- Table structure for table `kategori`
--

CREATE TABLE `kategori` (
  `id_kategori` int NOT NULL,
  `nama_kategori` varchar(50) NOT NULL
) ENGINE=InnoDB DEFAULT CHARSET=utf8mb4 COLLATE=utf8mb4_0900_ai_ci;

--
-- Dumping data for table `kategori`
--

INSERT INTO `kategori` (`id_kategori`, `nama_kategori`) VALUES
(1, 'horor'),
(2, 'Fantasi'),
(3, 'Romantis'),
(4, 'Misteri'),
(5, 'Aksi');

-- --------------------------------------------------------

--
-- Table structure for table `peminjaman`
--

CREATE TABLE `peminjaman` (
  `id_peminjaman` int NOT NULL,
  `tanggal_pinjam` date NOT NULL,
  `tanggal_kembali` date NOT NULL,
  `status` varchar(50) NOT NULL,
  `id_anggota` int NOT NULL,
  `id_buku` int NOT NULL
) ENGINE=InnoDB DEFAULT CHARSET=utf8mb4 COLLATE=utf8mb4_0900_ai_ci;

--
-- Indexes for dumped tables
--

--
-- Indexes for table `admin`
--
ALTER TABLE `admin`
  ADD PRIMARY KEY (`id_admin`);

--
-- Indexes for table `anggota`
--
ALTER TABLE `anggota`
  ADD PRIMARY KEY (`id_anggota`);

--
-- Indexes for table `booking`
--
ALTER TABLE `booking`
  ADD PRIMARY KEY (`id_booking`),
  ADD KEY `buku_booking` (`id_buku`),
  ADD KEY `anggota_booking` (`id_anggota`);

--
-- Indexes for table `buku`
--
ALTER TABLE `buku`
  ADD PRIMARY KEY (`id_buku`);

--
-- Indexes for table `buku_kategori`
--
ALTER TABLE `buku_kategori`
  ADD KEY `id_buku` (`id_buku`,`id_kategori`) USING BTREE,
  ADD KEY `id_buku_2` (`id_buku`,`id_kategori`),
  ADD KEY `kategori_buku` (`id_kategori`);

--
-- Indexes for table `kategori`
--
ALTER TABLE `kategori`
  ADD PRIMARY KEY (`id_kategori`);

--
-- Indexes for table `peminjaman`
--
ALTER TABLE `peminjaman`
  ADD PRIMARY KEY (`id_peminjaman`),
  ADD KEY `buku_peminjaman` (`id_buku`),
  ADD KEY `anggota_peminjaman` (`id_anggota`);

--
-- AUTO_INCREMENT for dumped tables
--

--
-- AUTO_INCREMENT for table `admin`
--
ALTER TABLE `admin`
  MODIFY `id_admin` int NOT NULL AUTO_INCREMENT, AUTO_INCREMENT=2;

--
-- AUTO_INCREMENT for table `anggota`
--
ALTER TABLE `anggota`
  MODIFY `id_anggota` int NOT NULL AUTO_INCREMENT, AUTO_INCREMENT=2;

--
-- AUTO_INCREMENT for table `booking`
--
ALTER TABLE `booking`
  MODIFY `id_booking` int NOT NULL AUTO_INCREMENT;

--
-- AUTO_INCREMENT for table `buku`
--
ALTER TABLE `buku`
  MODIFY `id_buku` int NOT NULL AUTO_INCREMENT, AUTO_INCREMENT=7;

--
-- AUTO_INCREMENT for table `kategori`
--
ALTER TABLE `kategori`
  MODIFY `id_kategori` int NOT NULL AUTO_INCREMENT, AUTO_INCREMENT=6;

--
-- AUTO_INCREMENT for table `peminjaman`
--
ALTER TABLE `peminjaman`
  MODIFY `id_peminjaman` int NOT NULL AUTO_INCREMENT;

--
-- Constraints for dumped tables
--

--
-- Constraints for table `booking`
--
ALTER TABLE `booking`
  ADD CONSTRAINT `anggota_booking` FOREIGN KEY (`id_anggota`) REFERENCES `anggota` (`id_anggota`) ON DELETE RESTRICT ON UPDATE RESTRICT,
  ADD CONSTRAINT `buku_booking` FOREIGN KEY (`id_buku`) REFERENCES `buku` (`id_buku`) ON DELETE CASCADE ON UPDATE CASCADE;

--
-- Constraints for table `buku_kategori`
--
ALTER TABLE `buku_kategori`
  ADD CONSTRAINT `buku_kategori` FOREIGN KEY (`id_buku`) REFERENCES `buku` (`id_buku`) ON DELETE CASCADE ON UPDATE CASCADE,
  ADD CONSTRAINT `kategori_buku` FOREIGN KEY (`id_kategori`) REFERENCES `kategori` (`id_kategori`) ON DELETE RESTRICT ON UPDATE RESTRICT;

--
-- Constraints for table `peminjaman`
--
ALTER TABLE `peminjaman`
  ADD CONSTRAINT `anggota_peminjaman` FOREIGN KEY (`id_anggota`) REFERENCES `anggota` (`id_anggota`) ON DELETE RESTRICT ON UPDATE RESTRICT,
  ADD CONSTRAINT `buku_peminjaman` FOREIGN KEY (`id_buku`) REFERENCES `buku` (`id_buku`) ON DELETE CASCADE ON UPDATE CASCADE;
COMMIT;

/*!40101 SET CHARACTER_SET_CLIENT=@OLD_CHARACTER_SET_CLIENT */;
/*!40101 SET CHARACTER_SET_RESULTS=@OLD_CHARACTER_SET_RESULTS */;
/*!40101 SET COLLATION_CONNECTION=@OLD_COLLATION_CONNECTION */;
